{
    "xm1": 0.86018517968,
    "ym1": 0.15833333232000002,
    "xm2": 1.05648147472,
    "ym2": 0.39270833082
}