{
    "xm1": 0.84999999456,
    "ym1": 0.09947916603000001,
    "xm2": 1.1018518447999999,
    "ym2": 0.42760416393000006
}